,Hphob.Eisenberg,Hphob.Sweet,Hphob.Woods,Hphob.Manavalan,Hphob.Leo,Hphob.Black,Hphob.Breese,Hphob.Fauchere,Hphob.Guy,Hphob.Janin,Hphob.Miyazawa,Hphob.Argos,Hphob.Roseman,Hphob.Tanford,Hphob.Wolfenden,Hphob.Welling,Hphob.Wilson,Hphob.Parker,Hphob.pH3.4,Hphob.pH7.5,Hphob.mobility,Hphob.Chothia,Hphob.Rose
1:S,60.10230179028133,23.529411764705884,42.1875,7.818930041152277,32.13572854291418,35.9,20.99236641221374,29.754601226993866,34.49131513647642,62.96296296296296,18.749999999999996,59.45945945945946,43.569131832797424,54.27251732101616,66.60690273419992,48.493543758967,26.08695652173913,17.5,40.09779951100244,38.19095477386935,31.0,35.59322033898305,35.8974358974359
2:N,44.75703324808184,12.074303405572756,43.75,11.728395061728397,22.554890219560882,23.599999999999998,3.053435114503815,12.576687116564418,35.483870967741936,48.148148148148145,12.499999999999996,16.216216216216218,32.79742765273311,40.41570438799076,45.898700134468854,55.8106169296987,29.565217391304348,15.0,30.562347188264052,29.145728643216078,6.0,18.64406779661017,28.2051282051282
3:G,76.98209718670077,19.814241486068113,46.875,32.51028806584361,48.90219560878244,50.1,6.10687022900763,30.98159509202454,39.205955334987586,77.77777777777777,25.164473684210535,67.56756756756756,63.50482315112539,69.51501154734412,99.99999999999999,71.16212338593974,41.73913043478261,21.5,55.74572127139364,54.02010050251256,40.99999999999999,59.32203389830509,51.28205128205127
4:N,44.75703324808184,12.074303405572756,43.75,11.728395061728397,22.554890219560882,23.599999999999998,3.053435114503815,12.576687116564418,35.483870967741936,48.148148148148145,12.499999999999996,16.216216216216218,32.79742765273311,40.41570438799076,45.898700134468854,55.8106169296987,29.565217391304348,15.0,30.562347188264052,29.145728643216078,6.0,18.64406779661017,28.2051282051282
5:G,76.98209718670077,19.814241486068113,46.875,32.51028806584361,48.90219560878244,50.1,6.10687022900763,30.98159509202454,39.205955334987586,77.77777777777777,25.164473684210535,67.56756756756756,63.50482315112539,69.51501154734412,99.99999999999999,71.16212338593974,41.73913043478261,21.5,55.74572127139364,54.02010050251256,40.99999999999999,59.32203389830509,51.28205128205127
6:N,44.75703324808184,12.074303405572756,43.75,11.728395061728397,22.554890219560882,23.599999999999998,3.053435114503815,12.576687116564418,35.483870967741936,48.148148148148145,12.499999999999996,16.216216216216218,32.79742765273311,40.41570438799076,45.898700134468854,55.8106169296987,29.565217391304348,15.0,30.562347188264052,29.145728643216078,6.0,18.64406779661017,28.2051282051282
7:V,92.32736572890026,68.73065015479877,70.3125,100.0,83.43313373253493,82.5,65.64885496183206,68.40490797546013,78.90818858560793,88.88888888888889,76.97368421052633,86.48648648648648,84.40514469453376,100.0,98.2070820259973,46.62840746054519,82.6086956521739,68.5,88.50855745721272,87.18592964824121,85.0,89.83050847457628,87.17948717948718
8:C,72.1227621483376,45.82043343653251,62.5,77.77777777777779,60.47904191616767,68.0,23.2824427480916,78.22085889570552,82.63027295285359,100.0,81.90789473684211,79.72972972972973,67.52411575562701,65.1270207852194,83.72926938592559,61.979913916786224,86.08695652173913,43.0,76.28361858190708,73.11557788944724,0.0,83.05084745762713,100.0
9:P,67.77493606138108,25.38699690402477,46.875,10.699588477366243,74.65069860279442,71.1,43.51145038167938,53.06748466257669,29.280397022332505,55.55555555555555,15.131578947368423,30.40540540540541,79.42122186495178,61.200923787528865,89.28731510533393,52.36728837876614,50.43478260869566,39.5,76.77261613691931,75.12562814070351,49.00000000000001,28.8135593220339,30.769230769230766
10:P,67.77493606138108,25.38699690402477,46.875,10.699588477366243,74.65069860279442,71.1,43.51145038167938,53.06748466257669,29.280397022332505,55.55555555555555,15.131578947368423,30.40540540540541,79.42122186495178,61.200923787528865,89.28731510533393,52.36728837876614,50.43478260869566,39.5,76.77261613691931,75.12562814070351,49.00000000000001,28.8135593220339,30.769230769230766
11:G,76.98209718670077,19.814241486068113,46.875,32.51028806584361,48.90219560878244,50.1,6.10687022900763,30.98159509202454,39.205955334987586,77.77777777777777,25.164473684210535,67.56756756756756,63.50482315112539,69.51501154734412,99.99999999999999,71.16212338593974,41.73913043478261,21.5,55.74572127139364,54.02010050251256,40.99999999999999,59.32203389830509,51.28205128205127
12:L,91.81585677749361,78.32817337461302,75.0,83.33333333333333,98.00399201596807,94.3,100.0,83.12883435582823,76.67493796526054,85.18518518518516,90.78947368421053,93.24324324324324,92.76527331189709,93.76443418013855,99.50694755714927,34.00286944045911,88.69565217391303,96.0,99.75550122249389,99.2462311557789,100.0,74.57627118644068,84.6153846153846
13:F,95.14066496163683,100.0,85.9375,64.81481481481481,99.60079840319362,100.0,95.03816793893131,85.88957055214725,100.0,85.18518518518516,100.0,100.0,100.00000000000001,85.91224018475751,85.88077095472882,64.99282639885222,96.52173913043478,96.0,98.2885085574572,96.48241206030151,96.0,83.05084745762713,92.3076923076923
14:S,60.10230179028133,23.529411764705884,42.1875,7.818930041152277,32.13572854291418,35.9,20.99236641221374,29.754601226993866,34.49131513647642,62.96296296296296,18.749999999999996,59.45945945945946,43.569131832797424,54.27251732101616,66.60690273419992,48.493543758967,26.08695652173913,17.5,40.09779951100244,38.19095477386935,31.0,35.59322033898305,35.8974358974359
15:N,44.75703324808184,12.074303405572756,43.75,11.728395061728397,22.554890219560882,23.599999999999998,3.053435114503815,12.576687116564418,35.483870967741936,48.148148148148145,12.499999999999996,16.216216216216218,32.79742765273311,40.41570438799076,45.898700134468854,55.8106169296987,29.565217391304348,15.0,30.562347188264052,29.145728643216078,6.0,18.64406779661017,28.2051282051282
16:P,67.77493606138108,25.38699690402477,46.875,10.699588477366243,74.65069860279442,71.1,43.51145038167938,53.06748466257669,29.280397022332505,55.55555555555555,15.131578947368423,30.40540540540541,79.42122186495178,61.200923787528865,89.28731510533393,52.36728837876614,50.43478260869566,39.5,76.77261613691931,75.12562814070351,49.00000000000001,28.8135593220339,30.769230769230766
17:Q,42.966751918158565,12.38390092879257,43.75,18.724279835390945,34.730538922155695,25.1,0.0,24.23312883435583,23.821339950372206,40.74074074074074,15.131578947368423,16.216216216216218,42.60450160771705,38.79907621247112,47.24338861497086,46.34146341463414,29.565217391304348,20.0,32.27383863080684,30.653266331658283,14.0,10.16949152542373,25.641025641025635
18:C,72.1227621483376,45.82043343653251,62.5,77.77777777777779,60.47904191616767,68.0,23.2824427480916,78.22085889570552,82.63027295285359,100.0,81.90789473684211,79.72972972972973,67.52411575562701,65.1270207852194,83.72926938592559,61.979913916786224,86.08695652173913,43.0,76.28361858190708,73.11557788944724,0.0,83.05084745762713,100.0
19:C,72.1227621483376,45.82043343653251,62.5,77.77777777777779,60.47904191616767,68.0,23.2824427480916,78.22085889570552,82.63027295285359,100.0,81.90789473684211,79.72972972972973,67.52411575562701,65.1270207852194,83.72926938592559,61.979913916786224,86.08695652173913,43.0,76.28361858190708,73.11557788944724,0.0,83.05084745762713,100.0
20:A,80.56265984654732,28.173374613003094,54.6875,43.621399176954746,57.684630738522955,61.6,13.740458015267174,40.490797546012274,44.91315136476426,77.77777777777777,39.14473684210527,85.8108108108108,69.7749196141479,72.74826789838338,97.98296727924698,28.263988522238165,28.695652173913043,39.5,66.01466992665037,62.814070351758794,50.99999999999999,62.71186440677966,56.4102564102564
21:T,63.42710997442456,31.888544891640866,53.125,17.283950617283942,40.7185628742515,45.0,25.954198473282442,38.95705521472393,45.65756823821339,59.25925925925925,25.328947368421055,66.8918918918919,47.42765273311897,57.274826789838336,67.41371582250112,51.21951219512194,12.173913043478262,24.0,49.388753056234705,47.23618090452261,35.0,37.28813559322034,46.15384615384613
22:Q,42.966751918158565,12.38390092879257,43.75,18.724279835390945,34.730538922155695,25.1,0.0,24.23312883435583,23.821339950372206,40.74074074074074,15.131578947368423,16.216216216216218,42.60450160771705,38.79907621247112,47.24338861497086,46.34146341463414,29.565217391304348,20.0,32.27383863080684,30.653266331658283,14.0,10.16949152542373,25.641025641025635
23:V,92.32736572890026,68.73065015479877,70.3125,100.0,83.43313373253493,82.5,65.64885496183206,68.40490797546013,78.90818858560793,88.88888888888889,76.97368421052633,86.48648648648648,84.40514469453376,100.0,98.2070820259973,46.62840746054519,82.6086956521739,68.5,88.50855745721272,87.18592964824121,85.0,89.83050847457628,87.17948717948718
24:L,91.81585677749361,78.32817337461302,75.0,83.33333333333333,98.00399201596807,94.3,100.0,83.12883435582823,76.67493796526054,85.18518518518516,90.78947368421053,93.24324324324324,92.76527331189709,93.76443418013855,99.50694755714927,34.00286944045911,88.69565217391303,96.0,99.75550122249389,99.2462311557789,100.0,74.57627118644068,84.6153846153846
25:G,76.98209718670077,19.814241486068113,46.875,32.51028806584361,48.90219560878244,50.1,6.10687022900763,30.98159509202454,39.205955334987586,77.77777777777777,25.164473684210535,67.56756756756756,63.50482315112539,69.51501154734412,99.99999999999999,71.16212338593974,41.73913043478261,21.5,55.74572127139364,54.02010050251256,40.99999999999999,59.32203389830509,51.28205128205127
26:L,91.81585677749361,78.32817337461302,75.0,83.33333333333333,98.00399201596807,94.3,100.0,83.12883435582823,76.67493796526054,85.18518518518516,90.78947368421053,93.24324324324324,92.76527331189709,93.76443418013855,99.50694755714927,34.00286944045911,88.69565217391303,96.0,99.75550122249389,99.2462311557789,100.0,74.57627118644068,84.6153846153846
27:I,100.0,79.25696594427245,75.0,99.17695473251027,98.00399201596807,94.3,92.36641221374046,86.1963190184049,75.43424317617865,92.59259259259258,96.71052631578948,91.21621621621621,92.76527331189709,90.30023094688221,98.92424921559838,86.65710186513628,68.69565217391305,90.0,100.0,100.0,93.00000000000001,100.0,92.3076923076923
28:G,76.98209718670077,19.814241486068113,46.875,32.51028806584361,48.90219560878244,50.1,6.10687022900763,30.98159509202454,39.205955334987586,77.77777777777777,25.164473684210535,67.56756756756756,63.50482315112539,69.51501154734412,99.99999999999999,71.16212338593974,41.73913043478261,21.5,55.74572127139364,54.02010050251256,40.99999999999999,59.32203389830509,51.28205128205127
29:L,91.81585677749361,78.32817337461302,75.0,83.33333333333333,98.00399201596807,94.3,100.0,83.12883435582823,76.67493796526054,85.18518518518516,90.78947368421053,93.24324324324324,92.76527331189709,93.76443418013855,99.50694755714927,34.00286944045911,88.69565217391303,96.0,99.75550122249389,99.2462311557789,100.0,74.57627118644068,84.6153846153846
30:D,41.687979539641944,0.0,0.0,0.0,42.71457085828344,2.8000000000000003,13.740458015267174,7.361963190184049,28.039702233250615,44.44444444444445,10.526315789473681,1.3513513513513518,2.2508038585209023,56.351039260969976,40.206185567010316,35.43758967001435,19.1304347826087,0.0,43.2762836185819,0.0,7.0,23.72881355932203,25.641025641025635
31:C,72.1227621483376,45.82043343653251,62.5,77.77777777777779,60.47904191616767,68.0,23.2824427480916,78.22085889570552,82.63027295285359,100.0,81.90789473684211,79.72972972972973,67.52411575562701,65.1270207852194,83.72926938592559,61.979913916786224,86.08695652173913,43.0,76.28361858190708,73.11557788944724,0.0,83.05084745762713,100.0
32:K,26.342710997442452,19.814241486068113,0.0,10.49382716049382,0.0,28.299999999999997,19.46564885496183,0.613496932515338,12.655086848635236,0.0,0.0,0.0,18.971061093247588,23.787528868360273,46.61586732406993,15.208034433285508,0.0,21.5,6.112469437652812,15.326633165829142,13.0,3.389830508474576,0.0
33:V,92.32736572890026,68.73065015479877,70.3125,100.0,83.43313373253493,82.5,65.64885496183206,68.40490797546013,78.90818858560793,88.88888888888889,76.97368421052633,86.48648648648648,84.40514469453376,100.0,98.2070820259973,46.62840746054519,82.6086956521739,68.5,88.50855745721272,87.18592964824121,85.0,89.83050847457628,87.17948717948718
34:P,67.77493606138108,25.38699690402477,46.875,10.699588477366243,74.65069860279442,71.1,43.51145038167938,53.06748466257669,29.280397022332505,55.55555555555555,15.131578947368423,30.40540540540541,79.42122186495178,61.200923787528865,89.28731510533393,52.36728837876614,50.43478260869566,39.5,76.77261613691931,75.12562814070351,49.00000000000001,28.8135593220339,30.769230769230766
35:S,60.10230179028133,23.529411764705884,42.1875,7.818930041152277,32.13572854291418,35.9,20.99236641221374,29.754601226993866,34.49131513647642,62.96296296296296,18.749999999999996,59.45945945945946,43.569131832797424,54.27251732101616,66.60690273419992,48.493543758967,26.08695652173913,17.5,40.09779951100244,38.19095477386935,31.0,35.59322033898305,35.8974358974359
36:Q,42.966751918158565,12.38390092879257,43.75,18.724279835390945,34.730538922155695,25.1,0.0,24.23312883435583,23.821339950372206,40.74074074074074,15.131578947368423,16.216216216216218,42.60450160771705,38.79907621247112,47.24338861497086,46.34146341463414,29.565217391304348,20.0,32.27383863080684,30.653266331658283,14.0,10.16949152542373,25.641025641025635
37:N,44.75703324808184,12.074303405572756,43.75,11.728395061728397,22.554890219560882,23.599999999999998,3.053435114503815,12.576687116564418,35.483870967741936,48.148148148148145,12.499999999999996,16.216216216216218,32.79742765273311,40.41570438799076,45.898700134468854,55.8106169296987,29.565217391304348,15.0,30.562347188264052,29.145728643216078,6.0,18.64406779661017,28.2051282051282
38:V,92.32736572890026,68.73065015479877,70.3125,100.0,83.43313373253493,82.5,65.64885496183206,68.40490797546013,78.90818858560793,88.88888888888889,76.97368421052633,86.48648648648648,84.40514469453376,100.0,98.2070820259973,46.62840746054519,82.6086956521739,68.5,88.50855745721272,87.18592964824121,85.0,89.83050847457628,87.17948717948718
39:Y,71.35549872122763,92.26006191950465,82.8125,52.88065843621398,81.437125748503,88.0,91.6030534351145,60.42944785276074,52.605459057071954,51.85185185185185,48.35526315789473,50.0,87.13826366559485,64.43418013856812,61.900493052442854,42.89813486370157,93.04347826086956,59.5,68.21515892420538,63.81909547738694,80.0,23.72881355932203,61.53846153846153
40:D,41.687979539641944,0.0,0.0,0.0,42.71457085828344,2.8000000000000003,13.740458015267174,7.361963190184049,28.039702233250615,44.44444444444445,10.526315789473681,1.3513513513513518,2.2508038585209023,56.351039260969976,40.206185567010316,35.43758967001435,19.1304347826087,0.0,43.2762836185819,0.0,7.0,23.72881355932203,25.641025641025635
41:G,76.98209718670077,19.814241486068113,46.875,32.51028806584361,48.90219560878244,50.1,6.10687022900763,30.98159509202454,39.205955334987586,77.77777777777777,25.164473684210535,67.56756756756756,63.50482315112539,69.51501154734412,99.99999999999999,71.16212338593974,41.73913043478261,21.5,55.74572127139364,54.02010050251256,40.99999999999999,59.32203389830509,51.28205128205127
42:T,63.42710997442456,31.888544891640866,53.125,17.283950617283942,40.7185628742515,45.0,25.954198473282442,38.95705521472393,45.65756823821339,59.25925925925925,25.328947368421055,66.8918918918919,47.42765273311897,57.274826789838336,67.41371582250112,51.21951219512194,12.173913043478262,24.0,49.388753056234705,47.23618090452261,35.0,37.28813559322034,46.15384615384613
43:D,41.687979539641944,0.0,0.0,0.0,42.71457085828344,2.8000000000000003,13.740458015267174,7.361963190184049,28.039702233250615,44.44444444444445,10.526315789473681,1.3513513513513518,2.2508038585209023,56.351039260969976,40.206185567010316,35.43758967001435,19.1304347826087,0.0,43.2762836185819,0.0,7.0,23.72881355932203,25.641025641025635
44:F,95.14066496163683,100.0,85.9375,64.81481481481481,99.60079840319362,100.0,95.03816793893131,85.88957055214725,100.0,85.18518518518516,100.0,100.0,100.00000000000001,85.91224018475751,85.88077095472882,64.99282639885222,96.52173913043478,96.0,98.2885085574572,96.48241206030151,96.0,83.05084745762713,92.3076923076923
45:R,0.0,22.29102167182663,0.0,17.901234567901252,0.5988023952095858,0.0,10.68702290076336,0.0,0.0,14.814814814814818,20.230263157894733,4.054054054054054,0.0,0.0,0.0,36.44189383070301,21.73913043478261,29.0,17.603911980440092,16.331658291457284,20.0,0.0,30.769230769230766
46:N,44.75703324808184,12.074303405572756,43.75,11.728395061728397,22.554890219560882,23.599999999999998,3.053435114503815,12.576687116564418,35.483870967741936,48.148148148148145,12.499999999999996,16.216216216216218,32.79742765273311,40.41570438799076,45.898700134468854,55.8106169296987,29.565217391304348,15.0,30.562347188264052,29.145728643216078,6.0,18.64406779661017,28.2051282051282
47:V,92.32736572890026,68.73065015479877,70.3125,100.0,83.43313373253493,82.5,65.64885496183206,68.40490797546013,78.90818858560793,88.88888888888889,76.97368421052633,86.48648648648648,84.40514469453376,100.0,98.2070820259973,46.62840746054519,82.6086956521739,68.5,88.50855745721272,87.18592964824121,85.0,89.83050847457628,87.17948717948718
48:C,72.1227621483376,45.82043343653251,62.5,77.77777777777779,60.47904191616767,68.0,23.2824427480916,78.22085889570552,82.63027295285359,100.0,81.90789473684211,79.72972972972973,67.52411575562701,65.1270207852194,83.72926938592559,61.979913916786224,86.08695652173913,43.0,76.28361858190708,73.11557788944724,0.0,83.05084745762713,100.0
49:A,80.56265984654732,28.173374613003094,54.6875,43.621399176954746,57.684630738522955,61.6,13.740458015267174,40.490797546012274,44.91315136476426,77.77777777777777,39.14473684210527,85.8108108108108,69.7749196141479,72.74826789838338,97.98296727924698,28.263988522238165,28.695652173913043,39.5,66.01466992665037,62.814070351758794,50.99999999999999,62.71186440677966,56.4102564102564
50:K,26.342710997442452,19.814241486068113,0.0,10.49382716049382,0.0,28.299999999999997,19.46564885496183,0.613496932515338,12.655086848635236,0.0,0.0,0.0,18.971061093247588,23.787528868360273,46.61586732406993,15.208034433285508,0.0,21.5,6.112469437652812,15.326633165829142,13.0,3.389830508474576,0.0
51:T,63.42710997442456,31.888544891640866,53.125,17.283950617283942,40.7185628742515,45.0,25.954198473282442,38.95705521472393,45.65756823821339,59.25925925925925,25.328947368421055,66.8918918918919,47.42765273311897,57.274826789838336,67.41371582250112,51.21951219512194,12.173913043478262,24.0,49.388753056234705,47.23618090452261,35.0,37.28813559322034,46.15384615384613
52:G,76.98209718670077,19.814241486068113,46.875,32.51028806584361,48.90219560878244,50.1,6.10687022900763,30.98159509202454,39.205955334987586,77.77777777777777,25.164473684210535,67.56756756756756,63.50482315112539,69.51501154734412,99.99999999999999,71.16212338593974,41.73913043478261,21.5,55.74572127139364,54.02010050251256,40.99999999999999,59.32203389830509,51.28205128205127
53:A,80.56265984654732,28.173374613003094,54.6875,43.621399176954746,57.684630738522955,61.6,13.740458015267174,40.490797546012274,44.91315136476426,77.77777777777777,39.14473684210527,85.8108108108108,69.7749196141479,72.74826789838338,97.98296727924698,28.263988522238165,28.695652173913043,39.5,66.01466992665037,62.814070351758794,50.99999999999999,62.71186440677966,56.4102564102564
54:Q,42.966751918158565,12.38390092879257,43.75,18.724279835390945,34.730538922155695,25.1,0.0,24.23312883435583,23.821339950372206,40.74074074074074,15.131578947368423,16.216216216216218,42.60450160771705,38.79907621247112,47.24338861497086,46.34146341463414,29.565217391304348,20.0,32.27383863080684,30.653266331658283,14.0,10.16949152542373,25.641025641025635
55:P,67.77493606138108,25.38699690402477,46.875,10.699588477366243,74.65069860279442,71.1,43.51145038167938,53.06748466257669,29.280397022332505,55.55555555555555,15.131578947368423,30.40540540540541,79.42122186495178,61.200923787528865,89.28731510533393,52.36728837876614,50.43478260869566,39.5,76.77261613691931,75.12562814070351,49.00000000000001,28.8135593220339,30.769230769230766
56:L,91.81585677749361,78.32817337461302,75.0,83.33333333333333,98.00399201596807,94.3,100.0,83.12883435582823,76.67493796526054,85.18518518518516,90.78947368421053,93.24324324324324,92.76527331189709,93.76443418013855,99.50694755714927,34.00286944045911,88.69565217391303,96.0,99.75550122249389,99.2462311557789,100.0,74.57627118644068,84.6153846153846
57:C,72.1227621483376,45.82043343653251,62.5,77.77777777777779,60.47904191616767,68.0,23.2824427480916,78.22085889570552,82.63027295285359,100.0,81.90789473684211,79.72972972972973,67.52411575562701,65.1270207852194,83.72926938592559,61.979913916786224,86.08695652173913,43.0,76.28361858190708,73.11557788944724,0.0,83.05084745762713,100.0
58:C,72.1227621483376,45.82043343653251,62.5,77.77777777777779,60.47904191616767,68.0,23.2824427480916,78.22085889570552,82.63027295285359,100.0,81.90789473684211,79.72972972972973,67.52411575562701,65.1270207852194,83.72926938592559,61.979913916786224,86.08695652173913,43.0,76.28361858190708,73.11557788944724,0.0,83.05084745762713,100.0
59:V,92.32736572890026,68.73065015479877,70.3125,100.0,83.43313373253493,82.5,65.64885496183206,68.40490797546013,78.90818858560793,88.88888888888889,76.97368421052633,86.48648648648648,84.40514469453376,100.0,98.2070820259973,46.62840746054519,82.6086956521739,68.5,88.50855745721272,87.18592964824121,85.0,89.83050847457628,87.17948717948718
60:A,80.56265984654732,28.173374613003094,54.6875,43.621399176954746,57.684630738522955,61.6,13.740458015267174,40.490797546012274,44.91315136476426,77.77777777777777,39.14473684210527,85.8108108108108,69.7749196141479,72.74826789838338,97.98296727924698,28.263988522238165,28.695652173913043,39.5,66.01466992665037,62.814070351758794,50.99999999999999,62.71186440677966,56.4102564102564
61:P,67.77493606138108,25.38699690402477,46.875,10.699588477366243,74.65069860279442,71.1,43.51145038167938,53.06748466257669,29.280397022332505,55.55555555555555,15.131578947368423,30.40540540540541,79.42122186495178,61.200923787528865,89.28731510533393,52.36728837876614,50.43478260869566,39.5,76.77261613691931,75.12562814070351,49.00000000000001,28.8135593220339,30.769230769230766
62:V,92.32736572890026,68.73065015479877,70.3125,100.0,83.43313373253493,82.5,65.64885496183206,68.40490797546013,78.90818858560793,88.88888888888889,76.97368421052633,86.48648648648648,84.40514469453376,100.0,98.2070820259973,46.62840746054519,82.6086956521739,68.5,88.50855745721272,87.18592964824121,85.0,89.83050847457628,87.17948717948718
63:A,80.56265984654732,28.173374613003094,54.6875,43.621399176954746,57.684630738522955,61.6,13.740458015267174,40.490797546012274,44.91315136476426,77.77777777777777,39.14473684210527,85.8108108108108,69.7749196141479,72.74826789838338,97.98296727924698,28.263988522238165,28.695652173913043,39.5,66.01466992665037,62.814070351758794,50.99999999999999,62.71186440677966,56.4102564102564
64:G,76.98209718670077,19.814241486068113,46.875,32.51028806584361,48.90219560878244,50.1,6.10687022900763,30.98159509202454,39.205955334987586,77.77777777777777,25.164473684210535,67.56756756756756,63.50482315112539,69.51501154734412,99.99999999999999,71.16212338593974,41.73913043478261,21.5,55.74572127139364,54.02010050251256,40.99999999999999,59.32203389830509,51.28205128205127
65:Q,42.966751918158565,12.38390092879257,43.75,18.724279835390945,34.730538922155695,25.1,0.0,24.23312883435583,23.821339950372206,40.74074074074074,15.131578947368423,16.216216216216218,42.60450160771705,38.79907621247112,47.24338861497086,46.34146341463414,29.565217391304348,20.0,32.27383863080684,30.653266331658283,14.0,10.16949152542373,25.641025641025635
66:A,80.56265984654732,28.173374613003094,54.6875,43.621399176954746,57.684630738522955,61.6,13.740458015267174,40.490797546012274,44.91315136476426,77.77777777777777,39.14473684210527,85.8108108108108,69.7749196141479,72.74826789838338,97.98296727924698,28.263988522238165,28.695652173913043,39.5,66.01466992665037,62.814070351758794,50.99999999999999,62.71186440677966,56.4102564102564
67:L,91.81585677749361,78.32817337461302,75.0,83.33333333333333,98.00399201596807,94.3,100.0,83.12883435582823,76.67493796526054,85.18518518518516,90.78947368421053,93.24324324324324,92.76527331189709,93.76443418013855,99.50694755714927,34.00286944045911,88.69565217391303,96.0,99.75550122249389,99.2462311557789,100.0,74.57627118644068,84.6153846153846
68:L,91.81585677749361,78.32817337461302,75.0,83.33333333333333,98.00399201596807,94.3,100.0,83.12883435582823,76.67493796526054,85.18518518518516,90.78947368421053,93.24324324324324,92.76527331189709,93.76443418013855,99.50694755714927,34.00286944045911,88.69565217391303,96.0,99.75550122249389,99.2462311557789,100.0,74.57627118644068,84.6153846153846
69:C,72.1227621483376,45.82043343653251,62.5,77.77777777777779,60.47904191616767,68.0,23.2824427480916,78.22085889570552,82.63027295285359,100.0,81.90789473684211,79.72972972972973,67.52411575562701,65.1270207852194,83.72926938592559,61.979913916786224,86.08695652173913,43.0,76.28361858190708,73.11557788944724,0.0,83.05084745762713,100.0
70:Q,42.966751918158565,12.38390092879257,43.75,18.724279835390945,34.730538922155695,25.1,0.0,24.23312883435583,23.821339950372206,40.74074074074074,15.131578947368423,16.216216216216218,42.60450160771705,38.79907621247112,47.24338861497086,46.34146341463414,29.565217391304348,20.0,32.27383863080684,30.653266331658283,14.0,10.16949152542373,25.641025641025635
71:T,63.42710997442456,31.888544891640866,53.125,17.283950617283942,40.7185628742515,45.0,25.954198473282442,38.95705521472393,45.65756823821339,59.25925925925925,25.328947368421055,66.8918918918919,47.42765273311897,57.274826789838336,67.41371582250112,51.21951219512194,12.173913043478262,24.0,49.388753056234705,47.23618090452261,35.0,37.28813559322034,46.15384615384613
72:A,80.56265984654732,28.173374613003094,54.6875,43.621399176954746,57.684630738522955,61.6,13.740458015267174,40.490797546012274,44.91315136476426,77.77777777777777,39.14473684210527,85.8108108108108,69.7749196141479,72.74826789838338,97.98296727924698,28.263988522238165,28.695652173913043,39.5,66.01466992665037,62.814070351758794,50.99999999999999,62.71186440677966,56.4102564102564
73:V,92.32736572890026,68.73065015479877,70.3125,100.0,83.43313373253493,82.5,65.64885496183206,68.40490797546013,78.90818858560793,88.88888888888889,76.97368421052633,86.48648648648648,84.40514469453376,100.0,98.2070820259973,46.62840746054519,82.6086956521739,68.5,88.50855745721272,87.18592964824121,85.0,89.83050847457628,87.17948717948718
74:G,76.98209718670077,19.814241486068113,46.875,32.51028806584361,48.90219560878244,50.1,6.10687022900763,30.98159509202454,39.205955334987586,77.77777777777777,25.164473684210535,67.56756756756756,63.50482315112539,69.51501154734412,99.99999999999999,71.16212338593974,41.73913043478261,21.5,55.74572127139364,54.02010050251256,40.99999999999999,59.32203389830509,51.28205128205127
75:A,80.56265984654732,28.173374613003094,54.6875,43.621399176954746,57.684630738522955,61.6,13.740458015267174,40.490797546012274,44.91315136476426,77.77777777777777,39.14473684210527,85.8108108108108,69.7749196141479,72.74826789838338,97.98296727924698,28.263988522238165,28.695652173913043,39.5,66.01466992665037,62.814070351758794,50.99999999999999,62.71186440677966,56.4102564102564
